<?xml version="1.0" encoding="UTF-8"?>
<con:soapui-project id="28f1bc07-69c6-4d7d-af60-aea2d3c789a9" activeEnvironment="Default" name="Dict" resourceRoot="${projectDir}" soapui-version="5.2.1" abortOnError="false" runType="SEQUENTIAL" xmlns:con="http://eviware.com/soapui/config"><con:settings/><con:interface xsi:type="con:WsdlInterface" id="428c072f-63bf-4d57-a597-bd669243787a" wsaVersion="NONE" name="DictServiceSoap12" type="wsdl" bindingName="{http://services.aonaware.com/webservices/}DictServiceSoap12" soapVersion="1_2" anonymous="optional" definition="http://services.aonaware.com/DictService/DictService.asmx?WSDL" xmlns:xsi="http://www.w3.org/2001/XMLSchema-instance"><con:settings/><con:definitionCache/><con:endpoints><con:endpoint>http://services.aonaware.com/DictService/DictService.asmx</con:endpoint></con:endpoints><con:operation id="34348126-ea5e-426a-9675-9ba5088c32d0" isOneWay="false" action="http://services.aonaware.com/webservices/Define" name="Define" bindingOperationName="Define" type="Request-Response" inputName="" receivesAttachments="false" sendsAttachments="false" anonymous="optional"><con:settings/><con:call id="c8a3c8ba-e75e-4042-a2c9-c51f7cd7c7c6" name="Request 1"><con:settings/><con:encoding>UTF-8</con:encoding><con:endpoint>http://services.aonaware.com/DictService/DictService.asmx</con:endpoint><con:request><![CDATA[<soap:Envelope xmlns:soap="http://www.w3.org/2003/05/soap-envelope" xmlns:web="http://services.aonaware.com/webservices/">\r
   <soap:Header/>\r
   <soap:Body>\r
      <web:Define>\r
         <!--Optional:-->\r
         <web:word>?</web:word>\r
      </web:Define>\r
   </soap:Body>\r
</soap:Envelope>]]></con:request><con:wsaConfig mustUnderstand="NONE" version="200508" action="http://services.aonaware.com/webservices/DictServiceSoap/DefineRequest"/></con:call></con:operation><con:operation id="0fca22aa-1d67-4568-8e89-d225dbf809d3" isOneWay="false" action="http://services.aonaware.com/webservices/DefineInDict" name="DefineInDict" bindingOperationName="DefineInDict" type="Request-Response" inputName="" receivesAttachments="false" sendsAttachments="false" anonymous="optional"><con:settings/><con:call id="a9cba807-f2df-4fc1-83b3-321bf8686e0b" name="Request 1"><con:settings/><con:encoding>UTF-8</con:encoding><con:endpoint>http://services.aonaware.com/DictService/DictService.asmx</con:endpoint><con:request><![CDATA[<soap:Envelope xmlns:soap="http://www.w3.org/2003/05/soap-envelope" xmlns:web="http://services.aonaware.com/webservices/">\r
   <soap:Header/>\r
   <soap:Body>\r
      <web:DefineInDict>\r
         <!--Optional:-->\r
         <web:dictId>?</web:dictId>\r
         <!--Optional:-->\r
         <web:word>?</web:word>\r
      </web:DefineInDict>\r
   </soap:Body>\r
</soap:Envelope>]]></con:request><con:wsaConfig mustUnderstand="NONE" version="200508" action="http://services.aonaware.com/webservices/DictServiceSoap/DefineInDictRequest"/></con:call></con:operation><con:operation id="b9658cca-4006-418d-9f71-21a0af82ec24" isOneWay="false" action="http://services.aonaware.com/webservices/DictionaryInfo" name="DictionaryInfo" bindingOperationName="DictionaryInfo" type="Request-Response" inputName="" receivesAttachments="false" sendsAttachments="false" anonymous="optional"><con:settings/><con:call id="939382ea-1d60-47f4-9431-d5b981cce302" name="Request 1"><con:settings/><con:encoding>UTF-8</con:encoding><con:endpoint>http://services.aonaware.com/DictService/DictService.asmx</con:endpoint><con:request><![CDATA[<soap:Envelope xmlns:soap="http://www.w3.org/2003/05/soap-envelope" xmlns:web="http://services.aonaware.com/webservices/">\r
   <soap:Header/>\r
   <soap:Body>\r
      <web:DictionaryInfo>\r
         <!--Optional:-->\r
         <web:dictId>?</web:dictId>\r
      </web:DictionaryInfo>\r
   </soap:Body>\r
</soap:Envelope>]]></con:request><con:wsaConfig mustUnderstand="NONE" version="200508" action="http://services.aonaware.com/webservices/DictServiceSoap/DictionaryInfoRequest"/></con:call></con:operation><con:operation id="9f3a2b0e-4621-4d1e-870f-ccf0352b9687" isOneWay="false" action="http://services.aonaware.com/webservices/DictionaryList" name="DictionaryList" bindingOperationName="DictionaryList" type="Request-Response" inputName="" receivesAttachments="false" sendsAttachments="false" anonymous="optional"><con:settings/><con:call id="abc399d2-2749-4438-817d-c07d4c5ec1dd" name="Request 1"><con:settings/><con:encoding>UTF-8</con:encoding><con:endpoint>http://services.aonaware.com/DictService/DictService.asmx</con:endpoint><con:request><![CDATA[<soap:Envelope xmlns:soap="http://www.w3.org/2003/05/soap-envelope" xmlns:web="http://services.aonaware.com/webservices/">\r
   <soap:Header/>\r
   <soap:Body>\r
      <web:DictionaryList/>\r
   </soap:Body>\r
</soap:Envelope>]]></con:request><con:wsaConfig mustUnderstand="NONE" version="200508" action="http://services.aonaware.com/webservices/DictServiceSoap/DictionaryListRequest"/></con:call></con:operation><con:operation id="90913942-ea88-4dbf-b797-b0cf2d4a59a5" isOneWay="false" action="http://services.aonaware.com/webservices/DictionaryListExtended" name="DictionaryListExtended" bindingOperationName="DictionaryListExtended" type="Request-Response" inputName="" receivesAttachments="false" sendsAttachments="false" anonymous="optional"><con:settings/><con:call id="345b3ff1-6a3d-4873-a429-ef72d3aa07c8" name="Request 1"><con:settings/><con:encoding>UTF-8</con:encoding><con:endpoint>http://services.aonaware.com/DictService/DictService.asmx</con:endpoint><con:request><![CDATA[<soap:Envelope xmlns:soap="http://www.w3.org/2003/05/soap-envelope" xmlns:web="http://services.aonaware.com/webservices/">\r
   <soap:Header/>\r
   <soap:Body>\r
      <web:DictionaryListExtended/>\r
   </soap:Body>\r
</soap:Envelope>]]></con:request><con:wsaConfig mustUnderstand="NONE" version="200508" action="http://services.aonaware.com/webservices/DictServiceSoap/DictionaryListExtendedRequest"/></con:call></con:operation><con:operation id="41581415-674d-4698-ac56-8fb3b1d344ab" isOneWay="false" action="http://services.aonaware.com/webservices/Match" name="Match" bindingOperationName="Match" type="Request-Response" inputName="" receivesAttachments="false" sendsAttachments="false" anonymous="optional"><con:settings/><con:call id="3420d3c8-f086-4e36-b653-e8f06502acd4" name="Request 1"><con:settings/><con:encoding>UTF-8</con:encoding><con:endpoint>http://services.aonaware.com/DictService/DictService.asmx</con:endpoint><con:request><![CDATA[<soap:Envelope xmlns:soap="http://www.w3.org/2003/05/soap-envelope" xmlns:web="http://services.aonaware.com/webservices/">\r
   <soap:Header/>\r
   <soap:Body>\r
      <web:Match>\r
         <!--Optional:-->\r
         <web:word>?</web:word>\r
         <!--Optional:-->\r
         <web:strategy>?</web:strategy>\r
      </web:Match>\r
   </soap:Body>\r
</soap:Envelope>]]></con:request><con:wsaConfig mustUnderstand="NONE" version="200508" action="http://services.aonaware.com/webservices/DictServiceSoap/MatchRequest"/></con:call></con:operation><con:operation id="a9538b8b-0776-468f-ae09-29a192c65297" isOneWay="false" action="http://services.aonaware.com/webservices/MatchInDict" name="MatchInDict" bindingOperationName="MatchInDict" type="Request-Response" inputName="" receivesAttachments="false" sendsAttachments="false" anonymous="optional"><con:settings/><con:call id="3aae942f-64a8-4183-aa00-66996d84a490" name="Request 1"><con:settings/><con:encoding>UTF-8</con:encoding><con:endpoint>http://services.aonaware.com/DictService/DictService.asmx</con:endpoint><con:request><![CDATA[<soap:Envelope xmlns:soap="http://www.w3.org/2003/05/soap-envelope" xmlns:web="http://services.aonaware.com/webservices/">\r
   <soap:Header/>\r
   <soap:Body>\r
      <web:MatchInDict>\r
         <!--Optional:-->\r
         <web:dictId>?</web:dictId>\r
         <!--Optional:-->\r
         <web:word>?</web:word>\r
         <!--Optional:-->\r
         <web:strategy>?</web:strategy>\r
      </web:MatchInDict>\r
   </soap:Body>\r
</soap:Envelope>]]></con:request><con:wsaConfig mustUnderstand="NONE" version="200508" action="http://services.aonaware.com/webservices/DictServiceSoap/MatchInDictRequest"/></con:call></con:operation><con:operation id="06add5b5-83f2-4461-93ab-5b43451459a6" isOneWay="false" action="http://services.aonaware.com/webservices/ServerInfo" name="ServerInfo" bindingOperationName="ServerInfo" type="Request-Response" inputName="" receivesAttachments="false" sendsAttachments="false" anonymous="optional"><con:settings/><con:call id="7fc13d5a-5715-4ab0-99e8-dcc803c959d9" name="Request 1"><con:settings/><con:encoding>UTF-8</con:encoding><con:endpoint>http://services.aonaware.com/DictService/DictService.asmx</con:endpoint><con:request><![CDATA[<soap:Envelope xmlns:soap="http://www.w3.org/2003/05/soap-envelope" xmlns:web="http://services.aonaware.com/webservices/">\r
   <soap:Header/>\r
   <soap:Body>\r
      <web:ServerInfo/>\r
   </soap:Body>\r
</soap:Envelope>]]></con:request><con:wsaConfig mustUnderstand="NONE" version="200508" action="http://services.aonaware.com/webservices/DictServiceSoap/ServerInfoRequest"/></con:call></con:operation><con:operation id="a1083d32-5bf7-4d4d-9b1a-ad8bb8ec9713" isOneWay="false" action="http://services.aonaware.com/webservices/StrategyList" name="StrategyList" bindingOperationName="StrategyList" type="Request-Response" inputName="" receivesAttachments="false" sendsAttachments="false" anonymous="optional"><con:settings/><con:call id="96d43665-2dbe-4c31-b5a7-234f4f6f61d1" name="Request 1"><con:settings><con:setting id="com.eviware.soapui.impl.wsdl.WsdlRequest@request-headers">&lt;xml-fragment/></con:setting></con:settings><con:encoding>UTF-8</con:encoding><con:endpoint>http://services.aonaware.com/DictService/DictService.asmx</con:endpoint><con:request><![CDATA[<soap:Envelope xmlns:soap="http://www.w3.org/2003/05/soap-envelope" xmlns:web="http://services.aonaware.com/webservices/">\r
   <soap:Header/>\r
   <soap:Body>\r
      <web:StrategyList/>\r
   </soap:Body>\r
</soap:Envelope>]]></con:request><con:credentials><con:authType>No Authorization</con:authType></con:credentials><con:jmsConfig JMSDeliveryMode="PERSISTENT"/><con:jmsPropertyConfig/><con:wsaConfig mustUnderstand="NONE" version="200508" action="http://services.aonaware.com/webservices/DictServiceSoap/StrategyListRequest"/><con:wsrmConfig version="1.2"/></con:call></con:operation></con:interface><con:interface xsi:type="con:WsdlInterface" id="35af6fa0-9b7e-4e5f-85c3-cf96a6cb970d" wsaVersion="NONE" name="DictServiceSoap" type="wsdl" bindingName="{http://services.aonaware.com/webservices/}DictServiceSoap" soapVersion="1_1" anonymous="optional" definition="http://services.aonaware.com/DictService/DictService.asmx?WSDL" xmlns:xsi="http://www.w3.org/2001/XMLSchema-instance"><con:settings/><con:definitionCache type="TEXT" rootPart="http://services.aonaware.com/DictService/DictService.asmx?WSDL"><con:part><con:url>http://services.aonaware.com/DictService/DictService.asmx?WSDL</con:url><con:content><![CDATA[<wsdl:definitions targetNamespace="http://services.aonaware.com/webservices/" xmlns:s="http://www.w3.org/2001/XMLSchema" xmlns:soap12="http://schemas.xmlsoap.org/wsdl/soap12/" xmlns:mime="http://schemas.xmlsoap.org/wsdl/mime/" xmlns:tns="http://services.aonaware.com/webservices/" xmlns:soap="http://schemas.xmlsoap.org/wsdl/soap/" xmlns:tm="http://microsoft.com/wsdl/mime/textMatching/" xmlns:http="http://schemas.xmlsoap.org/wsdl/http/" xmlns:soapenc="http://schemas.xmlsoap.org/soap/encoding/" xmlns:wsdl="http://schemas.xmlsoap.org/wsdl/">
  <wsdl:documentation>Word Dictionary Web Service</wsdl:documentation>
  <wsdl:types>
    <s:schema elementFormDefault="qualified" targetNamespace="http://services.aonaware.com/webservices/">
      <s:element name="ServerInfo">
        <s:complexType/>
      </s:element>
      <s:element name="ServerInfoResponse">
        <s:complexType>
          <s:sequence>
            <s:element minOccurs="0" maxOccurs="1" name="ServerInfoResult" type="s:string"/>
          </s:sequence>
        </s:complexType>
      </s:element>
      <s:element name="DictionaryList">
        <s:complexType/>
      </s:element>
      <s:element name="DictionaryListResponse">
        <s:complexType>
          <s:sequence>
            <s:element minOccurs="0" maxOccurs="1" name="DictionaryListResult" type="tns:ArrayOfDictionary"/>
          </s:sequence>
        </s:complexType>
      </s:element>
      <s:complexType name="ArrayOfDictionary">
        <s:sequence>
          <s:element minOccurs="0" maxOccurs="unbounded" name="Dictionary" nillable="true" type="tns:Dictionary"/>
        </s:sequence>
      </s:complexType>
      <s:complexType name="Dictionary">
        <s:sequence>
          <s:element minOccurs="0" maxOccurs="1" name="Id" type="s:string"/>
          <s:element minOccurs="0" maxOccurs="1" name="Name" type="s:string"/>
        </s:sequence>
      </s:complexType>
      <s:element name="DictionaryListExtended">
        <s:complexType/>
      </s:element>
      <s:element name="DictionaryListExtendedResponse">
        <s:complexType>
          <s:sequence>
            <s:element minOccurs="0" maxOccurs="1" name="DictionaryListExtendedResult" type="tns:ArrayOfDictionary"/>
          </s:sequence>
        </s:complexType>
      </s:element>
      <s:element name="DictionaryInfo">
        <s:complexType>
          <s:sequence>
            <s:element minOccurs="0" maxOccurs="1" name="dictId" type="s:string"/>
          </s:sequence>
        </s:complexType>
      </s:element>
      <s:element name="DictionaryInfoResponse">
        <s:complexType>
          <s:sequence>
            <s:element minOccurs="0" maxOccurs="1" name="DictionaryInfoResult" type="s:string"/>
          </s:sequence>
        </s:complexType>
      </s:element>
      <s:element name="Define">
        <s:complexType>
          <s:sequence>
            <s:element minOccurs="0" maxOccurs="1" name="word" type="s:string"/>
          </s:sequence>
        </s:complexType>
      </s:element>
      <s:element name="DefineResponse">
        <s:complexType>
          <s:sequence>
            <s:element minOccurs="0" maxOccurs="1" name="DefineResult" type="tns:WordDefinition"/>
          </s:sequence>
        </s:complexType>
      </s:element>
      <s:complexType name="WordDefinition">
        <s:sequence>
          <s:element minOccurs="0" maxOccurs="1" name="Word" type="s:string"/>
          <s:element minOccurs="0" maxOccurs="1" name="Definitions" type="tns:ArrayOfDefinition"/>
        </s:sequence>
      </s:complexType>
      <s:complexType name="ArrayOfDefinition">
        <s:sequence>
          <s:element minOccurs="0" maxOccurs="unbounded" name="Definition" nillable="true" type="tns:Definition"/>
        </s:sequence>
      </s:complexType>
      <s:complexType name="Definition">
        <s:sequence>
          <s:element minOccurs="0" maxOccurs="1" name="Word" type="s:string"/>
          <s:element minOccurs="0" maxOccurs="1" name="Dictionary" type="tns:Dictionary"/>
          <s:element minOccurs="0" maxOccurs="1" name="WordDefinition" type="s:string"/>
        </s:sequence>
      </s:complexType>
      <s:element name="DefineInDict">
        <s:complexType>
          <s:sequence>
            <s:element minOccurs="0" maxOccurs="1" name="dictId" type="s:string"/>
            <s:element minOccurs="0" maxOccurs="1" name="word" type="s:string"/>
          </s:sequence>
        </s:complexType>
      </s:element>
      <s:element name="DefineInDictResponse">
        <s:complexType>
          <s:sequence>
            <s:element minOccurs="0" maxOccurs="1" name="DefineInDictResult" type="tns:WordDefinition"/>
          </s:sequence>
        </s:complexType>
      </s:element>
      <s:element name="StrategyList">
        <s:complexType/>
      </s:element>
      <s:element name="StrategyListResponse">
        <s:complexType>
          <s:sequence>
            <s:element minOccurs="0" maxOccurs="1" name="StrategyListResult" type="tns:ArrayOfStrategy"/>
          </s:sequence>
        </s:complexType>
      </s:element>
      <s:complexType name="ArrayOfStrategy">
        <s:sequence>
          <s:element minOccurs="0" maxOccurs="unbounded" name="Strategy" nillable="true" type="tns:Strategy"/>
        </s:sequence>
      </s:complexType>
      <s:complexType name="Strategy">
        <s:sequence>
          <s:element minOccurs="0" maxOccurs="1" name="Id" type="s:string"/>
          <s:element minOccurs="0" maxOccurs="1" name="Description" type="s:string"/>
        </s:sequence>
      </s:complexType>
      <s:element name="Match">
        <s:complexType>
          <s:sequence>
            <s:element minOccurs="0" maxOccurs="1" name="word" type="s:string"/>
            <s:element minOccurs="0" maxOccurs="1" name="strategy" type="s:string"/>
          </s:sequence>
        </s:complexType>
      </s:element>
      <s:element name="MatchResponse">
        <s:complexType>
          <s:sequence>
            <s:element minOccurs="0" maxOccurs="1" name="MatchResult" type="tns:ArrayOfDictionaryWord"/>
          </s:sequence>
        </s:complexType>
      </s:element>
      <s:complexType name="ArrayOfDictionaryWord">
        <s:sequence>
          <s:element minOccurs="0" maxOccurs="unbounded" name="DictionaryWord" nillable="true" type="tns:DictionaryWord"/>
        </s:sequence>
      </s:complexType>
      <s:complexType name="DictionaryWord">
        <s:sequence>
          <s:element minOccurs="0" maxOccurs="1" name="DictionaryId" type="s:string"/>
          <s:element minOccurs="0" maxOccurs="1" name="Word" type="s:string"/>
        </s:sequence>
      </s:complexType>
      <s:element name="MatchInDict">
        <s:complexType>
          <s:sequence>
            <s:element minOccurs="0" maxOccurs="1" name="dictId" type="s:string"/>
            <s:element minOccurs="0" maxOccurs="1" name="word" type="s:string"/>
            <s:element minOccurs="0" maxOccurs="1" name="strategy" type="s:string"/>
          </s:sequence>
        </s:complexType>
      </s:element>
      <s:element name="MatchInDictResponse">
        <s:complexType>
          <s:sequence>
            <s:element minOccurs="0" maxOccurs="1" name="MatchInDictResult" type="tns:ArrayOfDictionaryWord"/>
          </s:sequence>
        </s:complexType>
      </s:element>
      <s:element name="string" nillable="true" type="s:string"/>
      <s:element name="ArrayOfDictionary" nillable="true" type="tns:ArrayOfDictionary"/>
      <s:element name="WordDefinition" nillable="true" type="tns:WordDefinition"/>
      <s:element name="ArrayOfStrategy" nillable="true" type="tns:ArrayOfStrategy"/>
      <s:element name="ArrayOfDictionaryWord" nillable="true" type="tns:ArrayOfDictionaryWord"/>
    </s:schema>
  </wsdl:types>
  <wsdl:message name="ServerInfoSoapIn">
    <wsdl:part name="parameters" element="tns:ServerInfo"/>
  </wsdl:message>
  <wsdl:message name="ServerInfoSoapOut">
    <wsdl:part name="parameters" element="tns:ServerInfoResponse"/>
  </wsdl:message>
  <wsdl:message name="DictionaryListSoapIn">
    <wsdl:part name="parameters" element="tns:DictionaryList"/>
  </wsdl:message>
  <wsdl:message name="DictionaryListSoapOut">
    <wsdl:part name="parameters" element="tns:DictionaryListResponse"/>
  </wsdl:message>
  <wsdl:message name="DictionaryListExtendedSoapIn">
    <wsdl:part name="parameters" element="tns:DictionaryListExtended"/>
  </wsdl:message>
  <wsdl:message name="DictionaryListExtendedSoapOut">
    <wsdl:part name="parameters" element="tns:DictionaryListExtendedResponse"/>
  </wsdl:message>
  <wsdl:message name="DictionaryInfoSoapIn">
    <wsdl:part name="parameters" element="tns:DictionaryInfo"/>
  </wsdl:message>
  <wsdl:message name="DictionaryInfoSoapOut">
    <wsdl:part name="parameters" element="tns:DictionaryInfoResponse"/>
  </wsdl:message>
  <wsdl:message name="DefineSoapIn">
    <wsdl:part name="parameters" element="tns:Define"/>
  </wsdl:message>
  <wsdl:message name="DefineSoapOut">
    <wsdl:part name="parameters" element="tns:DefineResponse"/>
  </wsdl:message>
  <wsdl:message name="DefineInDictSoapIn">
    <wsdl:part name="parameters" element="tns:DefineInDict"/>
  </wsdl:message>
  <wsdl:message name="DefineInDictSoapOut">
    <wsdl:part name="parameters" element="tns:DefineInDictResponse"/>
  </wsdl:message>
  <wsdl:message name="StrategyListSoapIn">
    <wsdl:part name="parameters" element="tns:StrategyList"/>
  </wsdl:message>
  <wsdl:message name="StrategyListSoapOut">
    <wsdl:part name="parameters" element="tns:StrategyListResponse"/>
  </wsdl:message>
  <wsdl:message name="MatchSoapIn">
    <wsdl:part name="parameters" element="tns:Match"/>
  </wsdl:message>
  <wsdl:message name="MatchSoapOut">
    <wsdl:part name="parameters" element="tns:MatchResponse"/>
  </wsdl:message>
  <wsdl:message name="MatchInDictSoapIn">
    <wsdl:part name="parameters" element="tns:MatchInDict"/>
  </wsdl:message>
  <wsdl:message name="MatchInDictSoapOut">
    <wsdl:part name="parameters" element="tns:MatchInDictResponse"/>
  </wsdl:message>
  <wsdl:message name="ServerInfoHttpGetIn"/>
  <wsdl:message name="ServerInfoHttpGetOut">
    <wsdl:part name="Body" element="tns:string"/>
  </wsdl:message>
  <wsdl:message name="DictionaryListHttpGetIn"/>
  <wsdl:message name="DictionaryListHttpGetOut">
    <wsdl:part name="Body" element="tns:ArrayOfDictionary"/>
  </wsdl:message>
  <wsdl:message name="DictionaryListExtendedHttpGetIn"/>
  <wsdl:message name="DictionaryListExtendedHttpGetOut">
    <wsdl:part name="Body" element="tns:ArrayOfDictionary"/>
  </wsdl:message>
  <wsdl:message name="DictionaryInfoHttpGetIn">
    <wsdl:part name="dictId" type="s:string"/>
  </wsdl:message>
  <wsdl:message name="DictionaryInfoHttpGetOut">
    <wsdl:part name="Body" element="tns:string"/>
  </wsdl:message>
  <wsdl:message name="DefineHttpGetIn">
    <wsdl:part name="word" type="s:string"/>
  </wsdl:message>
  <wsdl:message name="DefineHttpGetOut">
    <wsdl:part name="Body" element="tns:WordDefinition"/>
  </wsdl:message>
  <wsdl:message name="DefineInDictHttpGetIn">
    <wsdl:part name="dictId" type="s:string"/>
    <wsdl:part name="word" type="s:string"/>
  </wsdl:message>
  <wsdl:message name="DefineInDictHttpGetOut">
    <wsdl:part name="Body" element="tns:WordDefinition"/>
  </wsdl:message>
  <wsdl:message name="StrategyListHttpGetIn"/>
  <wsdl:message name="StrategyListHttpGetOut">
    <wsdl:part name="Body" element="tns:ArrayOfStrategy"/>
  </wsdl:message>
  <wsdl:message name="MatchHttpGetIn">
    <wsdl:part name="word" type="s:string"/>
    <wsdl:part name="strategy" type="s:string"/>
  </wsdl:message>
  <wsdl:message name="MatchHttpGetOut">
    <wsdl:part name="Body" element="tns:ArrayOfDictionaryWord"/>
  </wsdl:message>
  <wsdl:message name="MatchInDictHttpGetIn">
    <wsdl:part name="dictId" type="s:string"/>
    <wsdl:part name="word" type="s:string"/>
    <wsdl:part name="strategy" type="s:string"/>
  </wsdl:message>
  <wsdl:message name="MatchInDictHttpGetOut">
    <wsdl:part name="Body" element="tns:ArrayOfDictionaryWord"/>
  </wsdl:message>
  <wsdl:message name="ServerInfoHttpPostIn"/>
  <wsdl:message name="ServerInfoHttpPostOut">
    <wsdl:part name="Body" element="tns:string"/>
  </wsdl:message>
  <wsdl:message name="DictionaryListHttpPostIn"/>
  <wsdl:message name="DictionaryListHttpPostOut">
    <wsdl:part name="Body" element="tns:ArrayOfDictionary"/>
  </wsdl:message>
  <wsdl:message name="DictionaryListExtendedHttpPostIn"/>
  <wsdl:message name="DictionaryListExtendedHttpPostOut">
    <wsdl:part name="Body" element="tns:ArrayOfDictionary"/>
  </wsdl:message>
  <wsdl:message name="DictionaryInfoHttpPostIn">
    <wsdl:part name="dictId" type="s:string"/>
  </wsdl:message>
  <wsdl:message name="DictionaryInfoHttpPostOut">
    <wsdl:part name="Body" element="tns:string"/>
  </wsdl:message>
  <wsdl:message name="DefineHttpPostIn">
    <wsdl:part name="word" type="s:string"/>
  </wsdl:message>
  <wsdl:message name="DefineHttpPostOut">
    <wsdl:part name="Body" element="tns:WordDefinition"/>
  </wsdl:message>
  <wsdl:message name="DefineInDictHttpPostIn">
    <wsdl:part name="dictId" type="s:string"/>
    <wsdl:part name="word" type="s:string"/>
  </wsdl:message>
  <wsdl:message name="DefineInDictHttpPostOut">
    <wsdl:part name="Body" element="tns:WordDefinition"/>
  </wsdl:message>
  <wsdl:message name="StrategyListHttpPostIn"/>
  <wsdl:message name="StrategyListHttpPostOut">
    <wsdl:part name="Body" element="tns:ArrayOfStrategy"/>
  </wsdl:message>
  <wsdl:message name="MatchHttpPostIn">
    <wsdl:part name="word" type="s:string"/>
    <wsdl:part name="strategy" type="s:string"/>
  </wsdl:message>
  <wsdl:message name="MatchHttpPostOut">
    <wsdl:part name="Body" element="tns:ArrayOfDictionaryWord"/>
  </wsdl:message>
  <wsdl:message name="MatchInDictHttpPostIn">
    <wsdl:part name="dictId" type="s:string"/>
    <wsdl:part name="word" type="s:string"/>
    <wsdl:part name="strategy" type="s:string"/>
  </wsdl:message>
  <wsdl:message name="MatchInDictHttpPostOut">
    <wsdl:part name="Body" element="tns:ArrayOfDictionaryWord"/>
  </wsdl:message>
  <wsdl:portType name="DictServiceSoap">
    <wsdl:operation name="ServerInfo">
      <wsdl:documentation>Show remote server information</wsdl:documentation>
      <wsdl:input message="tns:ServerInfoSoapIn"/>
      <wsdl:output message="tns:ServerInfoSoapOut"/>
    </wsdl:operation>
    <wsdl:operation name="DictionaryList">
      <wsdl:documentation>Returns a list of available dictionaries</wsdl:documentation>
      <wsdl:input message="tns:DictionaryListSoapIn"/>
      <wsdl:output message="tns:DictionaryListSoapOut"/>
    </wsdl:operation>
    <wsdl:operation name="DictionaryListExtended">
      <wsdl:documentation>Returns a list of advanced dictionaries (e.g. translating dictionaries)</wsdl:documentation>
      <wsdl:input message="tns:DictionaryListExtendedSoapIn"/>
      <wsdl:output message="tns:DictionaryListExtendedSoapOut"/>
    </wsdl:operation>
    <wsdl:operation name="DictionaryInfo">
      <wsdl:documentation>Show information about the specified dictionary</wsdl:documentation>
      <wsdl:input message="tns:DictionaryInfoSoapIn"/>
      <wsdl:output message="tns:DictionaryInfoSoapOut"/>
    </wsdl:operation>
    <wsdl:operation name="Define">
      <wsdl:documentation>Define given word, returning definitions from all dictionaries</wsdl:documentation>
      <wsdl:input message="tns:DefineSoapIn"/>
      <wsdl:output message="tns:DefineSoapOut"/>
    </wsdl:operation>
    <wsdl:operation name="DefineInDict">
      <wsdl:documentation>Define given word, returning definitions from specified dictionary</wsdl:documentation>
      <wsdl:input message="tns:DefineInDictSoapIn"/>
      <wsdl:output message="tns:DefineInDictSoapOut"/>
    </wsdl:operation>
    <wsdl:operation name="StrategyList">
      <wsdl:documentation>Return list of all available strategies on the server</wsdl:documentation>
      <wsdl:input message="tns:StrategyListSoapIn"/>
      <wsdl:output message="tns:StrategyListSoapOut"/>
    </wsdl:operation>
    <wsdl:operation name="Match">
      <wsdl:documentation>Look for matching words in all dictionaries using the given strategy</wsdl:documentation>
      <wsdl:input message="tns:MatchSoapIn"/>
      <wsdl:output message="tns:MatchSoapOut"/>
    </wsdl:operation>
    <wsdl:operation name="MatchInDict">
      <wsdl:documentation>Look for matching words in the specified dictionary using the given strategy</wsdl:documentation>
      <wsdl:input message="tns:MatchInDictSoapIn"/>
      <wsdl:output message="tns:MatchInDictSoapOut"/>
    </wsdl:operation>
  </wsdl:portType>
  <wsdl:portType name="DictServiceHttpGet">
    <wsdl:operation name="ServerInfo">
      <wsdl:documentation>Show remote server information</wsdl:documentation>
      <wsdl:input message="tns:ServerInfoHttpGetIn"/>
      <wsdl:output message="tns:ServerInfoHttpGetOut"/>
    </wsdl:operation>
    <wsdl:operation name="DictionaryList">
      <wsdl:documentation>Returns a list of available dictionaries</wsdl:documentation>
      <wsdl:input message="tns:DictionaryListHttpGetIn"/>
      <wsdl:output message="tns:DictionaryListHttpGetOut"/>
    </wsdl:operation>
    <wsdl:operation name="DictionaryListExtended">
      <wsdl:documentation>Returns a list of advanced dictionaries (e.g. translating dictionaries)</wsdl:documentation>
      <wsdl:input message="tns:DictionaryListExtendedHttpGetIn"/>
      <wsdl:output message="tns:DictionaryListExtendedHttpGetOut"/>
    </wsdl:operation>
    <wsdl:operation name="DictionaryInfo">
      <wsdl:documentation>Show information about the specified dictionary</wsdl:documentation>
      <wsdl:input message="tns:DictionaryInfoHttpGetIn"/>
      <wsdl:output message="tns:DictionaryInfoHttpGetOut"/>
    </wsdl:operation>
    <wsdl:operation name="Define">
      <wsdl:documentation>Define given word, returning definitions from all dictionaries</wsdl:documentation>
      <wsdl:input message="tns:DefineHttpGetIn"/>
      <wsdl:output message="tns:DefineHttpGetOut"/>
    </wsdl:operation>
    <wsdl:operation name="DefineInDict">
      <wsdl:documentation>Define given word, returning definitions from specified dictionary</wsdl:documentation>
      <wsdl:input message="tns:DefineInDictHttpGetIn"/>
      <wsdl:output message="tns:DefineInDictHttpGetOut"/>
    </wsdl:operation>
    <wsdl:operation name="StrategyList">
      <wsdl:documentation>Return list of all available strategies on the server</wsdl:documentation>
      <wsdl:input message="tns:StrategyListHttpGetIn"/>
      <wsdl:output message="tns:StrategyListHttpGetOut"/>
    </wsdl:operation>
    <wsdl:operation name="Match">
      <wsdl:documentation>Look for matching words in all dictionaries using the given strategy</wsdl:documentation>
      <wsdl:input message="tns:MatchHttpGetIn"/>
      <wsdl:output message="tns:MatchHttpGetOut"/>
    </wsdl:operation>
    <wsdl:operation name="MatchInDict">
      <wsdl:documentation>Look for matching words in the specified dictionary using the given strategy</wsdl:documentation>
      <wsdl:input message="tns:MatchInDictHttpGetIn"/>
      <wsdl:output message="tns:MatchInDictHttpGetOut"/>
    </wsdl:operation>
  </wsdl:portType>
  <wsdl:portType name="DictServiceHttpPost">
    <wsdl:operation name="ServerInfo">
      <wsdl:documentation>Show remote server information</wsdl:documentation>
      <wsdl:input message="tns:ServerInfoHttpPostIn"/>
      <wsdl:output message="tns:ServerInfoHttpPostOut"/>
    </wsdl:operation>
    <wsdl:operation name="DictionaryList">
      <wsdl:documentation>Returns a list of available dictionaries</wsdl:documentation>
      <wsdl:input message="tns:DictionaryListHttpPostIn"/>
      <wsdl:output message="tns:DictionaryListHttpPostOut"/>
    </wsdl:operation>
    <wsdl:operation name="DictionaryListExtended">
      <wsdl:documentation>Returns a list of advanced dictionaries (e.g. translating dictionaries)</wsdl:documentation>
      <wsdl:input message="tns:DictionaryListExtendedHttpPostIn"/>
      <wsdl:output message="tns:DictionaryListExtendedHttpPostOut"/>
    </wsdl:operation>
    <wsdl:operation name="DictionaryInfo">
      <wsdl:documentation>Show information about the specified dictionary</wsdl:documentation>
      <wsdl:input message="tns:DictionaryInfoHttpPostIn"/>
      <wsdl:output message="tns:DictionaryInfoHttpPostOut"/>
    </wsdl:operation>
    <wsdl:operation name="Define">
      <wsdl:documentation>Define given word, returning definitions from all dictionaries</wsdl:documentation>
      <wsdl:input message="tns:DefineHttpPostIn"/>
      <wsdl:output message="tns:DefineHttpPostOut"/>
    </wsdl:operation>
    <wsdl:operation name="DefineInDict">
      <wsdl:documentation>Define given word, returning definitions from specified dictionary</wsdl:documentation>
      <wsdl:input message="tns:DefineInDictHttpPostIn"/>
      <wsdl:output message="tns:DefineInDictHttpPostOut"/>
    </wsdl:operation>
    <wsdl:operation name="StrategyList">
      <wsdl:documentation>Return list of all available strategies on the server</wsdl:documentation>
      <wsdl:input message="tns:StrategyListHttpPostIn"/>
      <wsdl:output message="tns:StrategyListHttpPostOut"/>
    </wsdl:operation>
    <wsdl:operation name="Match">
      <wsdl:documentation>Look for matching words in all dictionaries using the given strategy</wsdl:documentation>
      <wsdl:input message="tns:MatchHttpPostIn"/>
      <wsdl:output message="tns:MatchHttpPostOut"/>
    </wsdl:operation>
    <wsdl:operation name="MatchInDict">
      <wsdl:documentation>Look for matching words in the specified dictionary using the given strategy</wsdl:documentation>
      <wsdl:input message="tns:MatchInDictHttpPostIn"/>
      <wsdl:output message="tns:MatchInDictHttpPostOut"/>
    </wsdl:operation>
  </wsdl:portType>
  <wsdl:binding name="DictServiceSoap" type="tns:DictServiceSoap">
    <soap:binding transport="http://schemas.xmlsoap.org/soap/http"/>
    <wsdl:operation name="ServerInfo">
      <soap:operation soapAction="http://services.aonaware.com/webservices/ServerInfo" style="document"/>
      <wsdl:input>
        <soap:body use="literal"/>
      </wsdl:input>
      <wsdl:output>
        <soap:body use="literal"/>
      </wsdl:output>
    </wsdl:operation>
    <wsdl:operation name="DictionaryList">
      <soap:operation soapAction="http://services.aonaware.com/webservices/DictionaryList" style="document"/>
      <wsdl:input>
        <soap:body use="literal"/>
      </wsdl:input>
      <wsdl:output>
        <soap:body use="literal"/>
      </wsdl:output>
    </wsdl:operation>
    <wsdl:operation name="DictionaryListExtended">
      <soap:operation soapAction="http://services.aonaware.com/webservices/DictionaryListExtended" style="document"/>
      <wsdl:input>
        <soap:body use="literal"/>
      </wsdl:input>
      <wsdl:output>
        <soap:body use="literal"/>
      </wsdl:output>
    </wsdl:operation>
    <wsdl:operation name="DictionaryInfo">
      <soap:operation soapAction="http://services.aonaware.com/webservices/DictionaryInfo" style="document"/>
      <wsdl:input>
        <soap:body use="literal"/>
      </wsdl:input>
      <wsdl:output>
        <soap:body use="literal"/>
      </wsdl:output>
    </wsdl:operation>
    <wsdl:operation name="Define">
      <soap:operation soapAction="http://services.aonaware.com/webservices/Define" style="document"/>
      <wsdl:input>
        <soap:body use="literal"/>
      </wsdl:input>
      <wsdl:output>
        <soap:body use="literal"/>
      </wsdl:output>
    </wsdl:operation>
    <wsdl:operation name="DefineInDict">
      <soap:operation soapAction="http://services.aonaware.com/webservices/DefineInDict" style="document"/>
      <wsdl:input>
        <soap:body use="literal"/>
      </wsdl:input>
      <wsdl:output>
        <soap:body use="literal"/>
      </wsdl:output>
    </wsdl:operation>
    <wsdl:operation name="StrategyList">
      <soap:operation soapAction="http://services.aonaware.com/webservices/StrategyList" style="document"/>
      <wsdl:input>
        <soap:body use="literal"/>
      </wsdl:input>
      <wsdl:output>
        <soap:body use="literal"/>
      </wsdl:output>
    </wsdl:operation>
    <wsdl:operation name="Match">
      <soap:operation soapAction="http://services.aonaware.com/webservices/Match" style="document"/>
      <wsdl:input>
        <soap:body use="literal"/>
      </wsdl:input>
      <wsdl:output>
        <soap:body use="literal"/>
      </wsdl:output>
    </wsdl:operation>
    <wsdl:operation name="MatchInDict">
      <soap:operation soapAction="http://services.aonaware.com/webservices/MatchInDict" style="document"/>
      <wsdl:input>
        <soap:body use="literal"/>
      </wsdl:input>
      <wsdl:output>
        <soap:body use="literal"/>
      </wsdl:output>
    </wsdl:operation>
  </wsdl:binding>
  <wsdl:binding name="DictServiceSoap12" type="tns:DictServiceSoap">
    <soap12:binding transport="http://schemas.xmlsoap.org/soap/http"/>
    <wsdl:operation name="ServerInfo">
      <soap12:operation soapAction="http://services.aonaware.com/webservices/ServerInfo" style="document"/>
      <wsdl:input>
        <soap12:body use="literal"/>
      </wsdl:input>
      <wsdl:output>
        <soap12:body use="literal"/>
      </wsdl:output>
    </wsdl:operation>
    <wsdl:operation name="DictionaryList">
      <soap12:operation soapAction="http://services.aonaware.com/webservices/DictionaryList" style="document"/>
      <wsdl:input>
        <soap12:body use="literal"/>
      </wsdl:input>
      <wsdl:output>
        <soap12:body use="literal"/>
      </wsdl:output>
    </wsdl:operation>
    <wsdl:operation name="DictionaryListExtended">
      <soap12:operation soapAction="http://services.aonaware.com/webservices/DictionaryListExtended" style="document"/>
      <wsdl:input>
        <soap12:body use="literal"/>
      </wsdl:input>
      <wsdl:output>
        <soap12:body use="literal"/>
      </wsdl:output>
    </wsdl:operation>
    <wsdl:operation name="DictionaryInfo">
      <soap12:operation soapAction="http://services.aonaware.com/webservices/DictionaryInfo" style="document"/>
      <wsdl:input>
        <soap12:body use="literal"/>
      </wsdl:input>
      <wsdl:output>
        <soap12:body use="literal"/>
      </wsdl:output>
    </wsdl:operation>
    <wsdl:operation name="Define">
      <soap12:operation soapAction="http://services.aonaware.com/webservices/Define" style="document"/>
      <wsdl:input>
        <soap12:body use="literal"/>
      </wsdl:input>
      <wsdl:output>
        <soap12:body use="literal"/>
      </wsdl:output>
    </wsdl:operation>
    <wsdl:operation name="DefineInDict">
      <soap12:operation soapAction="http://services.aonaware.com/webservices/DefineInDict" style="document"/>
      <wsdl:input>
        <soap12:body use="literal"/>
      </wsdl:input>
      <wsdl:output>
        <soap12:body use="literal"/>
      </wsdl:output>
    </wsdl:operation>
    <wsdl:operation name="StrategyList">
      <soap12:operation soapAction="http://services.aonaware.com/webservices/StrategyList" style="document"/>
      <wsdl:input>
        <soap12:body use="literal"/>
      </wsdl:input>
      <wsdl:output>
        <soap12:body use="literal"/>
      </wsdl:output>
    </wsdl:operation>
    <wsdl:operation name="Match">
      <soap12:operation soapAction="http://services.aonaware.com/webservices/Match" style="document"/>
      <wsdl:input>
        <soap12:body use="literal"/>
      </wsdl:input>
      <wsdl:output>
        <soap12:body use="literal"/>
      </wsdl:output>
    </wsdl:operation>
    <wsdl:operation name="MatchInDict">
      <soap12:operation soapAction="http://services.aonaware.com/webservices/MatchInDict" style="document"/>
      <wsdl:input>
        <soap12:body use="literal"/>
      </wsdl:input>
      <wsdl:output>
        <soap12:body use="literal"/>
      </wsdl:output>
    </wsdl:operation>
  </wsdl:binding>
  <wsdl:binding name="DictServiceHttpGet" type="tns:DictServiceHttpGet">
    <http:binding verb="GET"/>
    <wsdl:operation name="ServerInfo">
      <http:operation location="/ServerInfo"/>
      <wsdl:input>
        <http:urlEncoded/>
      </wsdl:input>
      <wsdl:output>
        <mime:mimeXml part="Body"/>
      </wsdl:output>
    </wsdl:operation>
    <wsdl:operation name="DictionaryList">
      <http:operation location="/DictionaryList"/>
      <wsdl:input>
        <http:urlEncoded/>
      </wsdl:input>
      <wsdl:output>
        <mime:mimeXml part="Body"/>
      </wsdl:output>
    </wsdl:operation>
    <wsdl:operation name="DictionaryListExtended">
      <http:operation location="/DictionaryListExtended"/>
      <wsdl:input>
        <http:urlEncoded/>
      </wsdl:input>
      <wsdl:output>
        <mime:mimeXml part="Body"/>
      </wsdl:output>
    </wsdl:operation>
    <wsdl:operation name="DictionaryInfo">
      <http:operation location="/DictionaryInfo"/>
      <wsdl:input>
        <http:urlEncoded/>
      </wsdl:input>
      <wsdl:output>
        <mime:mimeXml part="Body"/>
      </wsdl:output>
    </wsdl:operation>
    <wsdl:operation name="Define">
      <http:operation location="/Define"/>
      <wsdl:input>
        <http:urlEncoded/>
      </wsdl:input>
      <wsdl:output>
        <mime:mimeXml part="Body"/>
      </wsdl:output>
    </wsdl:operation>
    <wsdl:operation name="DefineInDict">
      <http:operation location="/DefineInDict"/>
      <wsdl:input>
        <http:urlEncoded/>
      </wsdl:input>
      <wsdl:output>
        <mime:mimeXml part="Body"/>
      </wsdl:output>
    </wsdl:operation>
    <wsdl:operation name="StrategyList">
      <http:operation location="/StrategyList"/>
      <wsdl:input>
        <http:urlEncoded/>
      </wsdl:input>
      <wsdl:output>
        <mime:mimeXml part="Body"/>
      </wsdl:output>
    </wsdl:operation>
    <wsdl:operation name="Match">
      <http:operation location="/Match"/>
      <wsdl:input>
        <http:urlEncoded/>
      </wsdl:input>
      <wsdl:output>
        <mime:mimeXml part="Body"/>
      </wsdl:output>
    </wsdl:operation>
    <wsdl:operation name="MatchInDict">
      <http:operation location="/MatchInDict"/>
      <wsdl:input>
        <http:urlEncoded/>
      </wsdl:input>
      <wsdl:output>
        <mime:mimeXml part="Body"/>
      </wsdl:output>
    </wsdl:operation>
  </wsdl:binding>
  <wsdl:binding name="DictServiceHttpPost" type="tns:DictServiceHttpPost">
    <http:binding verb="POST"/>
    <wsdl:operation name="ServerInfo">
      <http:operation location="/ServerInfo"/>
      <wsdl:input>
        <mime:content type="application/x-www-form-urlencoded"/>
      </wsdl:input>
      <wsdl:output>
        <mime:mimeXml part="Body"/>
      </wsdl:output>
    </wsdl:operation>
    <wsdl:operation name="DictionaryList">
      <http:operation location="/DictionaryList"/>
      <wsdl:input>
        <mime:content type="application/x-www-form-urlencoded"/>
      </wsdl:input>
      <wsdl:output>
        <mime:mimeXml part="Body"/>
      </wsdl:output>
    </wsdl:operation>
    <wsdl:operation name="DictionaryListExtended">
      <http:operation location="/DictionaryListExtended"/>
      <wsdl:input>
        <mime:content type="application/x-www-form-urlencoded"/>
      </wsdl:input>
      <wsdl:output>
        <mime:mimeXml part="Body"/>
      </wsdl:output>
    </wsdl:operation>
    <wsdl:operation name="DictionaryInfo">
      <http:operation location="/DictionaryInfo"/>
      <wsdl:input>
        <mime:content type="application/x-www-form-urlencoded"/>
      </wsdl:input>
      <wsdl:output>
        <mime:mimeXml part="Body"/>
      </wsdl:output>
    </wsdl:operation>
    <wsdl:operation name="Define">
      <http:operation location="/Define"/>
      <wsdl:input>
        <mime:content type="application/x-www-form-urlencoded"/>
      </wsdl:input>
      <wsdl:output>
        <mime:mimeXml part="Body"/>
      </wsdl:output>
    </wsdl:operation>
    <wsdl:operation name="DefineInDict">
      <http:operation location="/DefineInDict"/>
      <wsdl:input>
        <mime:content type="application/x-www-form-urlencoded"/>
      </wsdl:input>
      <wsdl:output>
        <mime:mimeXml part="Body"/>
      </wsdl:output>
    </wsdl:operation>
    <wsdl:operation name="StrategyList">
      <http:operation location="/StrategyList"/>
      <wsdl:input>
        <mime:content type="application/x-www-form-urlencoded"/>
      </wsdl:input>
      <wsdl:output>
        <mime:mimeXml part="Body"/>
      </wsdl:output>
    </wsdl:operation>
    <wsdl:operation name="Match">
      <http:operation location="/Match"/>
      <wsdl:input>
        <mime:content type="application/x-www-form-urlencoded"/>
      </wsdl:input>
      <wsdl:output>
        <mime:mimeXml part="Body"/>
      </wsdl:output>
    </wsdl:operation>
    <wsdl:operation name="MatchInDict">
      <http:operation location="/MatchInDict"/>
      <wsdl:input>
        <mime:content type="application/x-www-form-urlencoded"/>
      </wsdl:input>
      <wsdl:output>
        <mime:mimeXml part="Body"/>
      </wsdl:output>
    </wsdl:operation>
  </wsdl:binding>
  <wsdl:service name="DictService">
    <wsdl:documentation>Word Dictionary Web Service</wsdl:documentation>
    <wsdl:port name="DictServiceSoap" binding="tns:DictServiceSoap">
      <soap:address location="http://services.aonaware.com/DictService/DictService.asmx"/>
    </wsdl:port>
    <wsdl:port name="DictServiceSoap12" binding="tns:DictServiceSoap12">
      <soap12:address location="http://services.aonaware.com/DictService/DictService.asmx"/>
    </wsdl:port>
    <wsdl:port name="DictServiceHttpGet" binding="tns:DictServiceHttpGet">
      <http:address location="http://services.aonaware.com/DictService/DictService.asmx"/>
    </wsdl:port>
    <wsdl:port name="DictServiceHttpPost" binding="tns:DictServiceHttpPost">
      <http:address location="http://services.aonaware.com/DictService/DictService.asmx"/>
    </wsdl:port>
  </wsdl:service>
</wsdl:definitions>]]></con:content><con:type>http://schemas.xmlsoap.org/wsdl/</con:type></con:part></con:definitionCache><con:endpoints><con:endpoint>http://services.aonaware.com/DictService/DictService.asmx</con:endpoint></con:endpoints><con:operation id="b6f4beec-ec72-4421-982f-314e07535bf1" isOneWay="false" action="http://services.aonaware.com/webservices/Define" name="Define" bindingOperationName="Define" type="Request-Response" inputName="" receivesAttachments="false" sendsAttachments="false" anonymous="optional"><con:settings/><con:call id="83ee7b44-9d5c-4802-8dc9-848290ec37c4" name="Request 1"><con:settings/><con:encoding>UTF-8</con:encoding><con:endpoint>http://services.aonaware.com/DictService/DictService.asmx</con:endpoint><con:request><![CDATA[<soapenv:Envelope xmlns:soapenv="http://schemas.xmlsoap.org/soap/envelope/" xmlns:web="http://services.aonaware.com/webservices/">\r
   <soapenv:Header/>\r
   <soapenv:Body>\r
      <web:Define>\r
         <!--Optional:-->\r
         <web:word>?</web:word>\r
      </web:Define>\r
   </soapenv:Body>\r
</soapenv:Envelope>]]></con:request><con:wsaConfig mustUnderstand="NONE" version="200508" action="http://services.aonaware.com/webservices/Define"/></con:call></con:operation><con:operation id="80dccad2-0f12-4579-933e-a8dd173dad3c" isOneWay="false" action="http://services.aonaware.com/webservices/DefineInDict" name="DefineInDict" bindingOperationName="DefineInDict" type="Request-Response" inputName="" receivesAttachments="false" sendsAttachments="false" anonymous="optional"><con:settings/><con:call id="ff86562e-f1bf-4de6-9a8d-66928cfc1453" name="Request 1"><con:settings/><con:encoding>UTF-8</con:encoding><con:endpoint>http://services.aonaware.com/DictService/DictService.asmx</con:endpoint><con:request><![CDATA[<soapenv:Envelope xmlns:soapenv="http://schemas.xmlsoap.org/soap/envelope/" xmlns:web="http://services.aonaware.com/webservices/">\r
   <soapenv:Header/>\r
   <soapenv:Body>\r
      <web:DefineInDict>\r
         <!--Optional:-->\r
         <web:dictId>?</web:dictId>\r
         <!--Optional:-->\r
         <web:word>?</web:word>\r
      </web:DefineInDict>\r
   </soapenv:Body>\r
</soapenv:Envelope>]]></con:request><con:wsaConfig mustUnderstand="NONE" version="200508" action="http://services.aonaware.com/webservices/DefineInDict"/></con:call></con:operation><con:operation id="5f246a0e-6cdf-4d46-9473-e8d53a0b5de6" isOneWay="false" action="http://services.aonaware.com/webservices/DictionaryInfo" name="DictionaryInfo" bindingOperationName="DictionaryInfo" type="Request-Response" inputName="" receivesAttachments="false" sendsAttachments="false" anonymous="optional"><con:settings/><con:call id="1ae2ebce-7603-40fa-88f3-ab6b10cf8c54" name="Request 1"><con:settings/><con:encoding>UTF-8</con:encoding><con:endpoint>http://services.aonaware.com/DictService/DictService.asmx</con:endpoint><con:request><![CDATA[<soapenv:Envelope xmlns:soapenv="http://schemas.xmlsoap.org/soap/envelope/" xmlns:web="http://services.aonaware.com/webservices/">\r
   <soapenv:Header/>\r
   <soapenv:Body>\r
      <web:DictionaryInfo>\r
         <!--Optional:-->\r
         <web:dictId>?</web:dictId>\r
      </web:DictionaryInfo>\r
   </soapenv:Body>\r
</soapenv:Envelope>]]></con:request><con:wsaConfig mustUnderstand="NONE" version="200508" action="http://services.aonaware.com/webservices/DictionaryInfo"/></con:call></con:operation><con:operation id="9aa39917-9aa3-49a4-a812-df5ba84397e1" isOneWay="false" action="http://services.aonaware.com/webservices/DictionaryList" name="DictionaryList" bindingOperationName="DictionaryList" type="Request-Response" inputName="" receivesAttachments="false" sendsAttachments="false" anonymous="optional"><con:settings/><con:call id="f1e0c774-0084-4752-b0d0-19a6f6bfa5fa" name="Request 1"><con:settings/><con:encoding>UTF-8</con:encoding><con:endpoint>http://services.aonaware.com/DictService/DictService.asmx</con:endpoint><con:request><![CDATA[<soapenv:Envelope xmlns:soapenv="http://schemas.xmlsoap.org/soap/envelope/" xmlns:web="http://services.aonaware.com/webservices/">\r
   <soapenv:Header/>\r
   <soapenv:Body>\r
      <web:DictionaryList/>\r
   </soapenv:Body>\r
</soapenv:Envelope>]]></con:request><con:wsaConfig mustUnderstand="NONE" version="200508" action="http://services.aonaware.com/webservices/DictionaryList"/></con:call></con:operation><con:operation id="b5c8bc7e-6652-487f-bf25-fe75d495a267" isOneWay="false" action="http://services.aonaware.com/webservices/DictionaryListExtended" name="DictionaryListExtended" bindingOperationName="DictionaryListExtended" type="Request-Response" inputName="" receivesAttachments="false" sendsAttachments="false" anonymous="optional"><con:settings/><con:call id="b167d084-d5fa-41a2-a511-b1a9c902a46e" name="Request 1"><con:settings/><con:encoding>UTF-8</con:encoding><con:endpoint>http://services.aonaware.com/DictService/DictService.asmx</con:endpoint><con:request><![CDATA[<soapenv:Envelope xmlns:soapenv="http://schemas.xmlsoap.org/soap/envelope/" xmlns:web="http://services.aonaware.com/webservices/">\r
   <soapenv:Header/>\r
   <soapenv:Body>\r
      <web:DictionaryListExtended/>\r
   </soapenv:Body>\r
</soapenv:Envelope>]]></con:request><con:wsaConfig mustUnderstand="NONE" version="200508" action="http://services.aonaware.com/webservices/DictionaryListExtended"/></con:call></con:operation><con:operation id="61a3a1c7-cce5-4218-8dc9-df0cd4611f56" isOneWay="false" action="http://services.aonaware.com/webservices/Match" name="Match" bindingOperationName="Match" type="Request-Response" inputName="" receivesAttachments="false" sendsAttachments="false" anonymous="optional"><con:settings/><con:call id="205f9f7b-7467-4635-995e-73729287b0db" name="Request 1"><con:settings/><con:encoding>UTF-8</con:encoding><con:endpoint>http://services.aonaware.com/DictService/DictService.asmx</con:endpoint><con:request><![CDATA[<soapenv:Envelope xmlns:soapenv="http://schemas.xmlsoap.org/soap/envelope/" xmlns:web="http://services.aonaware.com/webservices/">\r
   <soapenv:Header/>\r
   <soapenv:Body>\r
      <web:Match>\r
         <!--Optional:-->\r
         <web:word>?</web:word>\r
         <!--Optional:-->\r
         <web:strategy>?</web:strategy>\r
      </web:Match>\r
   </soapenv:Body>\r
</soapenv:Envelope>]]></con:request><con:wsaConfig mustUnderstand="NONE" version="200508" action="http://services.aonaware.com/webservices/Match"/></con:call></con:operation><con:operation id="eecbf13d-e56f-4fc4-b30e-18e7e73468c2" isOneWay="false" action="http://services.aonaware.com/webservices/MatchInDict" name="MatchInDict" bindingOperationName="MatchInDict" type="Request-Response" inputName="" receivesAttachments="false" sendsAttachments="false" anonymous="optional"><con:settings/><con:call id="2c545b6d-0f8d-483d-b9ec-b7c6ec80da8b" name="Request 1"><con:settings/><con:encoding>UTF-8</con:encoding><con:endpoint>http://services.aonaware.com/DictService/DictService.asmx</con:endpoint><con:request><![CDATA[<soapenv:Envelope xmlns:soapenv="http://schemas.xmlsoap.org/soap/envelope/" xmlns:web="http://services.aonaware.com/webservices/">\r
   <soapenv:Header/>\r
   <soapenv:Body>\r
      <web:MatchInDict>\r
         <!--Optional:-->\r
         <web:dictId>?</web:dictId>\r
         <!--Optional:-->\r
         <web:word>?</web:word>\r
         <!--Optional:-->\r
         <web:strategy>?</web:strategy>\r
      </web:MatchInDict>\r
   </soapenv:Body>\r
</soapenv:Envelope>]]></con:request><con:wsaConfig mustUnderstand="NONE" version="200508" action="http://services.aonaware.com/webservices/MatchInDict"/></con:call></con:operation><con:operation id="f2008255-ee72-4e62-8e83-7edd11aae7f0" isOneWay="false" action="http://services.aonaware.com/webservices/ServerInfo" name="ServerInfo" bindingOperationName="ServerInfo" type="Request-Response" inputName="" receivesAttachments="false" sendsAttachments="false" anonymous="optional"><con:settings/><con:call id="8126e887-06d5-412c-9dc2-5f6e77e8f6a0" name="Request 1"><con:settings/><con:encoding>UTF-8</con:encoding><con:endpoint>http://services.aonaware.com/DictService/DictService.asmx</con:endpoint><con:request><![CDATA[<soapenv:Envelope xmlns:soapenv="http://schemas.xmlsoap.org/soap/envelope/" xmlns:web="http://services.aonaware.com/webservices/">\r
   <soapenv:Header/>\r
   <soapenv:Body>\r
      <web:ServerInfo/>\r
   </soapenv:Body>\r
</soapenv:Envelope>]]></con:request><con:wsaConfig mustUnderstand="NONE" version="200508" action="http://services.aonaware.com/webservices/ServerInfo"/></con:call></con:operation><con:operation id="5d5cd525-370d-44a4-9bd6-3041c12587dc" isOneWay="false" action="http://services.aonaware.com/webservices/StrategyList" name="StrategyList" bindingOperationName="StrategyList" type="Request-Response" inputName="" receivesAttachments="false" sendsAttachments="false" anonymous="optional"><con:settings/><con:call id="c92e935a-af26-4016-a53f-8174b7d9047b" name="Request 1"><con:settings/><con:encoding>UTF-8</con:encoding><con:endpoint>http://services.aonaware.com/DictService/DictService.asmx</con:endpoint><con:request><![CDATA[<soapenv:Envelope xmlns:soapenv="http://schemas.xmlsoap.org/soap/envelope/" xmlns:web="http://services.aonaware.com/webservices/">\r
   <soapenv:Header/>\r
   <soapenv:Body>\r
      <web:StrategyList/>\r
   </soapenv:Body>\r
</soapenv:Envelope>]]></con:request><con:wsaConfig mustUnderstand="NONE" version="200508" action="http://services.aonaware.com/webservices/StrategyList"/></con:call></con:operation></con:interface><con:testSuite id="c6de7096-a0ad-429b-85fe-0a42156998fd" name="DictServiceSoap2 TestSuite"><con:settings/><con:runType>SEQUENTIAL</con:runType><con:testCase id="3215bdce-eb81-44dc-ac25-5e381a0cf5f9" failOnError="true" failTestCaseOnErrors="true" keepSession="false" maxResults="0" name="FindWord" searchProperties="true"><con:settings/><con:testStep type="request" id="691f29dc-b73e-4b25-a078-85a4e19b8038" name="FindWord"><con:settings/><con:config xsi:type="con:RequestStep" xmlns:xsi="http://www.w3.org/2001/XMLSchema-instance"><con:interface>DictServiceSoap12</con:interface><con:operation>Define</con:operation><con:request name="FindWord" id="d1808b91-a16f-4cb2-8bad-824d3a14ae35"><con:settings><con:setting id="com.eviware.soapui.impl.wsdl.WsdlRequest@request-headers">&lt;xml-fragment/></con:setting></con:settings><con:encoding>UTF-8</con:encoding><con:endpoint>http://services.aonaware.com/DictService/DictService.asmx</con:endpoint><con:request><![CDATA[<soap:Envelope xmlns:soap="http://www.w3.org/2003/05/soap-envelope" xmlns:web="http://services.aonaware.com/webservices/">\r
   <soap:Header/>\r
   <soap:Body>\r
      <web:Define>\r
         <web:word>one</web:word>\r
      </web:Define>\r
   </soap:Body>\r
</soap:Envelope>]]></con:request><con:assertion type="GroovyScriptAssertion" id="6a971ea1-8502-40f0-ad8f-6a93af6d78ca" name="Script Assertion"><con:configuration><scriptText>import com.eviware.soapui.support.XmlHolder

def resp =messageExchange.responseContentAsXml

assert resp.contains("A termination indicating that the hydrocarbon to the name of")
</scriptText></con:configuration></con:assertion><con:assertion type="GroovyScriptAssertion" id="7fe6dd93-5b66-4398-9807-e73fa72af663"><con:configuration/></con:assertion><con:credentials><con:authType>No Authorization</con:authType></con:credentials><con:jmsConfig JMSDeliveryMode="PERSISTENT"/><con:jmsPropertyConfig/><con:wsaConfig action="http://services.aonaware.com/webservices/DictServiceSoap/DefineRequest" mustUnderstand="NONE" version="200508"/><con:wsrmConfig version="1.2"/></con:request></con:config></con:testStep><con:properties/></con:testCase><con:testCase id="693ca1d7-0f8b-4b51-aaa4-f5a3f75f5261" failOnError="true" failTestCaseOnErrors="true" keepSession="false" maxResults="0" name="FindDictionary" searchProperties="true"><con:settings/><con:testStep type="request" id="6c09d02a-9ead-460a-955f-dac84fb8e7c8" name="FindDictionary"><con:settings/><con:config xsi:type="con:RequestStep" xmlns:xsi="http://www.w3.org/2001/XMLSchema-instance"><con:interface>DictServiceSoap12</con:interface><con:operation>DictionaryInfo</con:operation><con:request name="FindDictionary" id="0f8ce04e-38c1-4851-8d01-fe99514bacb4"><con:settings><con:setting id="com.eviware.soapui.impl.wsdl.WsdlRequest@request-headers">&lt;xml-fragment/></con:setting></con:settings><con:encoding>UTF-8</con:encoding><con:endpoint>http://services.aonaware.com/DictService/DictService.asmx</con:endpoint><con:request><![CDATA[<soap:Envelope xmlns:soap="http://www.w3.org/2003/05/soap-envelope" xmlns:web="http://services.aonaware.com/webservices/">\r
   <soap:Header/>\r
   <soap:Body>\r
      <web:DictionaryInfo>\r
         <web:dictId>devils</web:dictId>\r
      </web:DictionaryInfo>\r
   </soap:Body>\r
</soap:Envelope>]]></con:request><con:assertion type="GroovyScriptAssertion" id="7c038f33-1e47-426e-9c2c-e5ab9ac13583" name="Script Assertion"><con:configuration><scriptText>import com.eviware.soapui.support.XmlHolder

def resp =messageExchange.responseContentAsXml

assert resp.contains("THE DEVIL'S DICTIONARY")</scriptText></con:configuration></con:assertion><con:credentials><con:authType>No Authorization</con:authType></con:credentials><con:jmsConfig JMSDeliveryMode="PERSISTENT"/><con:jmsPropertyConfig/><con:wsaConfig action="http://services.aonaware.com/webservices/DictServiceSoap/DictionaryInfoRequest" mustUnderstand="NONE" version="200508"/><con:wsrmConfig version="1.2"/></con:request></con:config></con:testStep><con:properties/></con:testCase><con:testCase id="79109c31-6b8d-4f2f-9355-c77211c9d843" failOnError="true" failTestCaseOnErrors="true" keepSession="false" maxResults="0" name="Match TestCase" searchProperties="true"><con:settings/><con:testStep type="request" id="1481d550-2639-4c7d-9426-ea24b8aff728" name="Match"><con:settings/><con:config xsi:type="con:RequestStep" xmlns:xsi="http://www.w3.org/2001/XMLSchema-instance"><con:interface>DictServiceSoap12</con:interface><con:operation>Match</con:operation><con:request name="Match" id="8175b87c-3c83-47c4-b53a-4dfd5b5273be"><con:settings><con:setting id="com.eviware.soapui.impl.wsdl.WsdlRequest@request-headers">&lt;xml-fragment/></con:setting></con:settings><con:encoding>UTF-8</con:encoding><con:endpoint>http://services.aonaware.com/DictService/DictService.asmx</con:endpoint><con:request><![CDATA[<soap:Envelope xmlns:soap="http://www.w3.org/2003/05/soap-envelope" xmlns:web="http://services.aonaware.com/webservices/">\r
   <soap:Header/>\r
   <soap:Body>\r
      <web:Match>\r
         <web:word>all</web:word>\r
         <web:strategy>exact</web:strategy>\r
      </web:Match>\r
   </soap:Body>\r
</soap:Envelope>]]></con:request><con:assertion type="GroovyScriptAssertion" id="03a00a9e-9fa9-4f59-bab8-ad4510489801" name="Script Assertion"><con:configuration><scriptText>import com.eviware.soapui.support.XmlHolder

def resp =messageExchange.responseContentAsXml

assert resp.contains("&lt;Word>All&lt;/Word>")

assert resp.contains("&lt;DictionaryId>wn&lt;/DictionaryId>")</scriptText></con:configuration></con:assertion><con:credentials><con:authType>No Authorization</con:authType></con:credentials><con:jmsConfig JMSDeliveryMode="PERSISTENT"/><con:jmsPropertyConfig/><con:wsaConfig action="http://services.aonaware.com/webservices/DictServiceSoap/MatchRequest" mustUnderstand="NONE" version="200508"/><con:wsrmConfig version="1.2"/></con:request></con:config></con:testStep><con:properties/></con:testCase><con:properties/></con:testSuite><con:testSuite id="c6f7c21e-2d4a-4e20-b079-078ad776adce" name="DictServiceSoap TestSuite"><con:settings/><con:runType>SEQUENTIAL</con:runType><con:testCase id="f7d15241-2851-4450-b9c2-f9e196645d86" failOnError="true" failTestCaseOnErrors="true" keepSession="false" maxResults="0" name="FindWord" searchProperties="true"><con:settings/><con:testStep type="request" id="259b77e2-29d9-4039-8af7-181c104d9c15" name="FindWord"><con:settings/><con:config xsi:type="con:RequestStep" xmlns:xsi="http://www.w3.org/2001/XMLSchema-instance"><con:interface>DictServiceSoap</con:interface><con:operation>Define</con:operation><con:request name="FindWord" id="811844b5-a34e-4737-ac5f-70f93eff650f"><con:settings><con:setting id="com.eviware.soapui.impl.wsdl.WsdlRequest@request-headers">&lt;xml-fragment/></con:setting></con:settings><con:encoding>UTF-8</con:encoding><con:endpoint>http://services.aonaware.com/DictService/DictService.asmx</con:endpoint><con:request><![CDATA[<soapenv:Envelope xmlns:soapenv="http://schemas.xmlsoap.org/soap/envelope/" xmlns:web="http://services.aonaware.com/webservices/">\r
   <soapenv:Header/>\r
   <soapenv:Body>\r
      <web:Define>\r
         <web:word>one</web:word>\r
      </web:Define>\r
   </soapenv:Body>\r
</soapenv:Envelope>]]></con:request><con:assertion type="GroovyScriptAssertion" id="8c606f9a-8234-4522-9964-10956b70101f" name="Script Assertion"><con:configuration><scriptText>import com.eviware.soapui.support.XmlHolder

def resp =messageExchange.responseContentAsXml

assert resp.contains("A termination indicating that the hydrocarbon to the name of")
</scriptText></con:configuration></con:assertion><con:assertion type="GroovyScriptAssertion" id="4397f680-57dc-4442-8f94-0d4c7ba0da99"><con:configuration/></con:assertion><con:credentials><con:authType>No Authorization</con:authType></con:credentials><con:jmsConfig JMSDeliveryMode="PERSISTENT"/><con:jmsPropertyConfig/><con:wsaConfig action="http://services.aonaware.com/webservices/Define" mustUnderstand="NONE" version="200508"/><con:wsrmConfig version="1.2"/></con:request></con:config></con:testStep><con:properties/></con:testCase><con:testCase id="1552722d-29bd-42b1-9a44-45fac747c2b4" failOnError="true" failTestCaseOnErrors="true" keepSession="false" maxResults="0" name="FindDictionary" searchProperties="true"><con:settings/><con:testStep type="request" id="82fa87ac-5473-46b8-aa77-7c0e2e6aeb21" name="FindDictionary"><con:settings/><con:config xsi:type="con:RequestStep" xmlns:xsi="http://www.w3.org/2001/XMLSchema-instance"><con:interface>DictServiceSoap</con:interface><con:operation>DictionaryInfo</con:operation><con:request name="FindDictionary" id="45d53dc1-fd82-4030-919d-4cad9d397dc2"><con:settings><con:setting id="com.eviware.soapui.impl.wsdl.WsdlRequest@request-headers">&lt;xml-fragment/></con:setting></con:settings><con:encoding>UTF-8</con:encoding><con:endpoint>http://services.aonaware.com/DictService/DictService.asmx</con:endpoint><con:request><![CDATA[<soapenv:Envelope xmlns:soapenv="http://schemas.xmlsoap.org/soap/envelope/" xmlns:web="http://services.aonaware.com/webservices/">\r
   <soapenv:Header/>\r
   <soapenv:Body>\r
      <web:DictionaryInfo>\r
         <web:dictId>devils</web:dictId>\r
      </web:DictionaryInfo>\r
   </soapenv:Body>\r
</soapenv:Envelope>]]></con:request><con:assertion type="GroovyScriptAssertion" id="665a033b-6b1b-41f2-90fc-fae867434aad" name="Script Assertion"><con:configuration><scriptText>import com.eviware.soapui.support.XmlHolder

def resp =messageExchange.responseContentAsXml

assert resp.contains("THE DEVIL'S DICTIONARY")</scriptText></con:configuration></con:assertion><con:credentials><con:authType>No Authorization</con:authType></con:credentials><con:jmsConfig JMSDeliveryMode="PERSISTENT"/><con:jmsPropertyConfig/><con:wsaConfig action="http://services.aonaware.com/webservices/DictionaryInfo" mustUnderstand="NONE" version="200508"/><con:wsrmConfig version="1.2"/></con:request></con:config></con:testStep><con:properties/></con:testCase><con:testCase id="321160d4-27bb-480b-89ec-10050d351828" failOnError="true" failTestCaseOnErrors="true" keepSession="false" maxResults="0" name="Match TestCase" searchProperties="true"><con:settings/><con:testStep type="request" id="707cdc85-43ef-4e40-9b47-7ef53cafc012" name="Match"><con:settings/><con:config xsi:type="con:RequestStep" xmlns:xsi="http://www.w3.org/2001/XMLSchema-instance"><con:interface>DictServiceSoap</con:interface><con:operation>Match</con:operation><con:request name="Match" id="793c23ce-cb70-4f6a-8ca1-921f88edbf94"><con:settings><con:setting id="com.eviware.soapui.impl.wsdl.WsdlRequest@request-headers">&lt;xml-fragment/></con:setting></con:settings><con:encoding>UTF-8</con:encoding><con:endpoint>http://services.aonaware.com/DictService/DictService.asmx</con:endpoint><con:request><![CDATA[<soapenv:Envelope xmlns:soapenv="http://schemas.xmlsoap.org/soap/envelope/" xmlns:web="http://services.aonaware.com/webservices/">\r
   <soapenv:Header/>\r
   <soapenv:Body>\r
      <web:Match>\r
         <web:word>one</web:word>\r
         <web:strategy>exact</web:strategy>\r
      </web:Match>\r
   </soapenv:Body>\r
</soapenv:Envelope>]]></con:request><con:assertion type="GroovyScriptAssertion" id="33732c21-6124-4a90-b4c3-1cbf27d2b716" name="Script Assertion"><con:configuration><scriptText>import com.eviware.soapui.support.XmlHolder

def resp =messageExchange.responseContentAsXml

assert resp.contains("&lt;Word>One&lt;/Word>")

assert resp.contains("&lt;DictionaryId>gcide&lt;/DictionaryId>")</scriptText></con:configuration></con:assertion><con:assertion type="GroovyScriptAssertion" id="beb9b748-3628-4ee0-849a-1f20e9845450"><con:configuration/></con:assertion><con:assertion type="GroovyScriptAssertion" id="cbfa6f1c-6806-40f8-8e81-c55ae8002d4a"><con:configuration/></con:assertion><con:credentials><con:authType>No Authorization</con:authType></con:credentials><con:jmsConfig JMSDeliveryMode="PERSISTENT"/><con:jmsPropertyConfig/><con:wsaConfig action="http://services.aonaware.com/webservices/Match" mustUnderstand="NONE" version="200508"/><con:wsrmConfig version="1.2"/></con:request></con:config></con:testStep><con:properties/></con:testCase><con:properties/></con:testSuite><con:properties/><con:wssContainer/><con:oAuth2ProfileContainer/></con:soapui-project>